{"objects":[{"x":10.715019226074219,"y":-8.894969940185547,"theta":108.11369833429784,"class":"truck"}]}