{"objects":[{"x":9.414764404296875,"y":-6.466899871826172,"theta":115.43496444525616,"class":"truck"}]}