{"objects":[{"x":9.067516326904297,"y":-5.888847351074219,"theta":116.48955931348446,"class":"truck"}]}