{"objects":[{"x":7.935737609863281,"y":-4.377902984619141,"theta":120.59939342010786,"class":"truck"}]}