{"objects":[{"x":7.606597900390625,"y":-3.779224395751953,"theta":120.57966783378487,"class":"truck"}]}