{"objects":[{"x":7.102062225341797,"y":-3.134845733642578,"theta":121.15329444103922,"class":"truck"}]}