{"objects":[{"x":6.615970611572266,"y":-2.5530319213867188,"theta":124.11158597435514,"class":"truck"}]}