{"objects":[{"x":10.214164733886719,"y":-7.964363098144531,"theta":108.92434616612995,"class":"truck"}]}