{"objects":[{"x":8.553905487060547,"y":-5.224369049072266,"theta":118.16731332082806,"class":"truck"}]}