{"objects":[{"x":9.808513641357422,"y":-7.312744140625,"theta":111.78936463614019,"class":"truck"}]}