{"objects":[{"x":11.006744384765625,"y":-9.521514892578125,"theta":104.67819514405147,"class":"truck"}]}